return_pct,final_value,cash,halted,trades,reset,order_pct,counter_m,ETH_sweep,BNB_sweep,SOL_sweep
18.147075502821536,35444.12265084646,16135.655553086215,False,185,48.0,0.05,4.0,0.06,0.08,0.1
18.147075502821536,35444.12265084646,16135.655553086215,False,185,,0.05,4.0,0.06,0.08,0.1
18.147075502821536,35444.12265084646,16135.655553086215,False,185,96.0,0.05,4.0,0.06,0.08,0.1
17.87034042916661,35361.10212874998,11015.208262808332,False,232,96.0,0.05,4.0,0.06,0.06,0.1
17.87034042916661,35361.10212874998,11015.208262808332,False,232,48.0,0.05,4.0,0.06,0.06,0.1
17.87034042916661,35361.10212874998,11015.208262808332,False,232,,0.05,4.0,0.06,0.06,0.1
17.47998649656763,35243.99594897029,15883.844766287533,False,235,,0.05,3.0,0.06,0.08,0.1
17.47998649656763,35243.99594897029,15883.844766287533,False,235,96.0,0.05,3.0,0.06,0.08,0.1
17.47998649656763,35243.99594897029,15883.844766287533,False,235,48.0,0.05,3.0,0.06,0.08,0.1
16.831168783140114,35049.350634942035,15914.643134451106,False,169,,0.05,4.0,0.1,0.08,0.1
16.831168783140114,35049.350634942035,15914.643134451106,False,169,48.0,0.05,4.0,0.1,0.08,0.1
16.831168783140114,35049.350634942035,15914.643134451106,False,169,96.0,0.05,4.0,0.1,0.08,0.1
16.798538320128305,35039.56149603849,15725.48772340694,False,217,48.0,0.05,3.0,0.1,0.08,0.1
16.798538320128305,35039.56149603849,15725.48772340694,False,217,96.0,0.05,3.0,0.1,0.08,0.1
16.798538320128305,35039.56149603849,15725.48772340694,False,217,,0.05,3.0,0.1,0.08,0.1
16.61178111078504,34983.53433323551,10613.237461630539,False,282,48.0,0.05,3.0,0.06,0.06,0.1
16.61178111078504,34983.53433323551,10613.237461630539,False,282,96.0,0.05,3.0,0.06,0.06,0.1
16.61178111078504,34983.53433323551,10613.237461630539,False,282,,0.05,3.0,0.06,0.06,0.1
16.550008491273378,34965.00254738201,10831.095134512132,False,216,48.0,0.05,4.0,0.1,0.06,0.1
16.550008491273378,34965.00254738201,10831.095134512132,False,216,96.0,0.05,4.0,0.1,0.06,0.1
16.550008491273378,34965.00254738201,10831.095134512132,False,216,,0.05,4.0,0.1,0.06,0.1
15.932379002519568,34779.71370075587,10472.614103488573,False,264,48.0,0.05,3.0,0.1,0.06,0.1
15.932379002519568,34779.71370075587,10472.614103488573,False,264,,0.05,3.0,0.1,0.06,0.1
15.932379002519568,34779.71370075587,10472.614103488573,False,264,96.0,0.05,3.0,0.1,0.06,0.1
15.386876340787275,34616.06290223618,278.0678571925173,False,122,,0.1,3.0,0.15,0.08,0.1
15.386876340787275,34616.06290223618,278.0678571925173,False,122,48.0,0.1,3.0,0.15,0.08,0.1
15.386876340787275,34616.06290223618,278.0678571925173,False,122,96.0,0.1,3.0,0.15,0.08,0.1
15.366940397682871,34610.08211930486,277.7598418213838,False,122,48.0,0.1,3.0,0.1,0.08,0.1
15.366940397682871,34610.08211930486,277.7598418213838,False,122,96.0,0.1,3.0,0.1,0.08,0.1
15.366940397682871,34610.08211930486,277.7598418213838,False,122,,0.1,3.0,0.1,0.08,0.1
15.332946762773474,34599.88402883204,10495.05489354946,False,270,,0.05,4.0,0.06,0.04,0.1
15.332946762773474,34599.88402883204,10495.05489354946,False,270,48.0,0.05,4.0,0.06,0.04,0.1
15.332946762773474,34599.88402883204,10495.05489354946,False,270,96.0,0.05,4.0,0.06,0.04,0.1
15.263476572582974,34579.04297177489,15575.179587420633,False,161,96.0,0.05,4.0,0.15,0.08,0.1
15.263476572582974,34579.04297177489,15575.179587420633,False,161,48.0,0.05,4.0,0.15,0.08,0.1
15.263476572582974,34579.04297177489,15575.179587420633,False,161,,0.05,4.0,0.15,0.08,0.1
15.099377189627509,34529.81315688825,16632.8411778586,False,304,48.0,0.05,2.0,0.06,0.08,0.1
15.099377189627509,34529.81315688825,16632.8411778586,False,304,,0.05,2.0,0.06,0.08,0.1
15.099377189627509,34529.81315688825,16632.8411778586,False,304,96.0,0.05,2.0,0.06,0.08,0.1
15.038605645322288,34511.58169359669,16877.996062327624,False,282,,0.05,2.0,0.1,0.08,0.1
15.038605645322288,34511.58169359669,16877.996062327624,False,282,48.0,0.05,2.0,0.1,0.08,0.1
15.038605645322288,34511.58169359669,16877.996062327624,False,282,96.0,0.05,2.0,0.1,0.08,0.1
14.97947673137176,34493.84301941153,10537.534215713715,False,208,96.0,0.05,4.0,0.15,0.06,0.1
14.97947673137176,34493.84301941153,10537.534215713715,False,208,48.0,0.05,4.0,0.15,0.06,0.1
14.97947673137176,34493.84301941153,10537.534215713715,False,208,,0.05,4.0,0.15,0.06,0.1
14.919900668972138,34475.97020069164,1986.5151297092789,False,159,96.0,0.1,2.0,0.1,0.08,0.1
14.919900668972138,34475.97020069164,1986.5151297092789,False,159,,0.1,2.0,0.1,0.08,0.1
14.919900668972138,34475.97020069164,1986.5151297092789,False,159,48.0,0.1,2.0,0.1,0.08,0.1
14.665584180712758,34399.67525421383,11549.559168170485,False,377,,0.05,2.0,0.06,0.06,0.1
14.665584180712758,34399.67525421383,11549.559168170485,False,377,96.0,0.05,2.0,0.06,0.06,0.1
14.665584180712758,34399.67525421383,11549.559168170485,False,377,48.0,0.05,2.0,0.06,0.06,0.1
14.604105814974366,34381.23174449231,11801.68575751664,False,355,48.0,0.05,2.0,0.1,0.06,0.1
14.604105814974366,34381.23174449231,11801.68575751664,False,355,,0.05,2.0,0.1,0.06,0.1
14.604105814974366,34381.23174449231,11801.68575751664,False,355,96.0,0.05,2.0,0.1,0.06,0.1
14.557080043253107,34367.12401297593,2514.40048654445,False,161,48.0,0.1,2.0,0.15,0.08,0.2
14.557080043253107,34367.12401297593,2514.40048654445,False,161,,0.1,2.0,0.15,0.08,0.2
14.557080043253107,34367.12401297593,2514.40048654445,False,161,96.0,0.1,2.0,0.15,0.08,0.2
14.529856246081543,34358.95687382446,1868.165705758478,False,171,96.0,0.1,2.0,0.06,0.08,0.2
14.529856246081543,34358.95687382446,1868.165705758478,False,171,,0.1,2.0,0.06,0.08,0.2
14.529856246081543,34358.95687382446,1868.165705758478,False,171,48.0,0.1,2.0,0.06,0.08,0.2
14.519101798220122,34355.730539466036,2104.8329963511023,False,157,96.0,0.1,2.0,0.15,0.08,0.1
14.519101798220122,34355.730539466036,2104.8329963511023,False,157,,0.1,2.0,0.15,0.08,0.1
14.519101798220122,34355.730539466036,2104.8329963511023,False,157,48.0,0.1,2.0,0.15,0.08,0.1
14.498776847515401,34349.63305425462,10396.634178169832,False,334,,0.05,3.0,0.06,0.04,0.1
14.498776847515401,34349.63305425462,10396.634178169832,False,334,96.0,0.05,3.0,0.06,0.04,0.1
14.498776847515401,34349.63305425462,10396.634178169832,False,334,48.0,0.05,3.0,0.06,0.04,0.1
14.419921451648065,34325.97643549442,15313.691051916558,False,203,,0.05,3.0,0.15,0.08,0.1
14.419921451648065,34325.97643549442,15313.691051916558,False,203,96.0,0.05,3.0,0.15,0.08,0.1
14.419921451648065,34325.97643549442,15313.691051916558,False,203,48.0,0.05,3.0,0.15,0.08,0.1
14.220606249493988,34266.1818748482,2865.932571457465,False,125,48.0,0.1,3.0,0.1,0.08,0.3
14.220606249493988,34266.1818748482,2865.932571457465,False,125,,0.1,3.0,0.1,0.08,0.3
14.220606249493988,34266.1818748482,2865.932571457465,False,125,96.0,0.1,3.0,0.1,0.08,0.3
14.150822141322205,34245.24664239666,2691.7297954264304,False,159,96.0,0.1,2.0,0.1,0.08,0.2
14.150822141322205,34245.24664239666,2691.7297954264304,False,159,,0.1,2.0,0.1,0.08,0.2
14.150822141322205,34245.24664239666,2691.7297954264304,False,159,48.0,0.1,2.0,0.1,0.08,0.2
14.04304646023588,34212.913938070764,10328.5563361114,False,254,,0.05,4.0,0.1,0.04,0.1
14.04304646023588,34212.913938070764,10328.5563361114,False,254,48.0,0.05,4.0,0.1,0.04,0.1
14.04304646023588,34212.913938070764,10328.5563361114,False,254,96.0,0.05,4.0,0.1,0.04,0.1
14.03434030592262,34210.302091776786,1529.4778058043375,False,94,,0.1,4.0,0.06,0.08,0.1
14.03434030592262,34210.302091776786,1529.4778058043375,False,94,96.0,0.1,4.0,0.06,0.08,0.1
14.03434030592262,34210.302091776786,1529.4778058043375,False,94,48.0,0.1,4.0,0.06,0.08,0.1
14.03040394801113,34209.12118440334,630.2385526624589,False,94,,0.1,4.0,0.1,0.08,0.1
14.03040394801113,34209.12118440334,630.2385526624589,False,94,48.0,0.1,4.0,0.1,0.08,0.1
14.03040394801113,34209.12118440334,630.2385526624589,False,94,96.0,0.1,4.0,0.1,0.08,0.1
13.978864113102658,34193.6592339308,947.4917625804928,False,128,96.0,0.1,3.0,0.06,0.08,0.3
13.978864113102658,34193.6592339308,947.4917625804928,False,128,,0.1,3.0,0.06,0.08,0.3
13.978864113102658,34193.6592339308,947.4917625804928,False,128,48.0,0.1,3.0,0.06,0.08,0.3
13.898663081686124,34169.59892450584,16692.982715288443,False,266,,0.05,2.0,0.15,0.08,0.1
13.898663081686124,34169.59892450584,16692.982715288443,False,266,96.0,0.05,2.0,0.15,0.08,0.1
13.898663081686124,34169.59892450584,16692.982715288443,False,266,48.0,0.05,2.0,0.15,0.08,0.1
13.829811690784213,34148.943507235264,10248.758828773596,False,316,48.0,0.05,3.0,0.1,0.04,0.1
13.829811690784213,34148.943507235264,10248.758828773596,False,316,96.0,0.05,3.0,0.1,0.04,0.1
13.829811690784213,34148.943507235264,10248.758828773596,False,316,,0.05,3.0,0.1,0.04,0.1
13.67222016225649,34101.66604867695,844.1594452538379,False,122,,0.1,3.0,0.06,0.08,0.1
13.67222016225649,34101.66604867695,844.1594452538379,False,122,96.0,0.1,3.0,0.06,0.08,0.1
13.67222016225649,34101.66604867695,844.1594452538379,False,122,48.0,0.1,3.0,0.06,0.08,0.1
13.667695174957117,34100.308552487135,129.08244660881473,False,96,96.0,0.1,4.0,0.15,0.08,0.1
13.667695174957117,34100.308552487135,129.08244660881473,False,96,,0.1,4.0,0.15,0.08,0.1
13.667695174957117,34100.308552487135,129.08244660881473,False,96,48.0,0.1,4.0,0.15,0.08,0.1
13.65841999923141,34097.52599976942,2596.0933139093913,False,161,96.0,0.1,2.0,0.1,0.08,0.3
13.65841999923141,34097.52599976942,2596.0933139093913,False,161,,0.1,2.0,0.1,0.08,0.3
13.65841999923141,34097.52599976942,2596.0933139093913,False,161,48.0,0.1,2.0,0.1,0.08,0.3
13.629749877097225,34088.92496312917,1386.458717322605,False,96,,0.1,4.0,0.06,0.08,0.3
13.629749877097225,34088.92496312917,1386.458717322605,False,96,96.0,0.1,4.0,0.06,0.08,0.3
13.629749877097225,34088.92496312917,1386.458717322605,False,96,48.0,0.1,4.0,0.06,0.08,0.3
13.568422888999438,34070.52686669983,10165.379002944313,False,250,,0.05,3.0,0.15,0.06,0.1
13.568422888999438,34070.52686669983,10165.379002944313,False,250,48.0,0.05,3.0,0.15,0.06,0.1
13.568422888999438,34070.52686669983,10165.379002944313,False,250,96.0,0.05,3.0,0.15,0.06,0.1
13.549713569061497,34064.91407071845,2247.134926505902,False,155,,0.1,2.0,0.06,0.08,0.1
13.549713569061497,34064.91407071845,2247.134926505902,False,155,96.0,0.1,2.0,0.06,0.08,0.1
13.549713569061497,34064.91407071845,2247.134926505902,False,155,48.0,0.1,2.0,0.06,0.08,0.1
13.505899768395466,34051.76993051864,3024.0206622749265,False,123,48.0,0.1,3.0,0.1,0.08,0.2
13.505899768395466,34051.76993051864,3024.0206622749265,False,123,,0.1,3.0,0.1,0.08,0.2
13.505899768395466,34051.76993051864,3024.0206622749265,False,123,96.0,0.1,3.0,0.1,0.08,0.2
13.46525501351202,34039.576504053606,11658.92788448648,False,339,48.0,0.05,2.0,0.15,0.06,0.1
13.46525501351202,34039.576504053606,11658.92788448648,False,339,,0.05,2.0,0.15,0.06,0.1
13.46525501351202,34039.576504053606,11658.92788448648,False,339,96.0,0.05,2.0,0.15,0.06,0.1
13.423979313622961,34027.19379408689,419.89449039463307,False,136,,0.1,4.0,0.15,0.06,0.1
13.423979313622961,34027.19379408689,419.89449039463307,False,136,96.0,0.1,4.0,0.15,0.06,0.1
13.423979313622961,34027.19379408689,419.89449039463307,False,136,48.0,0.1,4.0,0.15,0.06,0.1
13.379885683410125,34013.96570502304,3772.060775415607,False,119,,0.1,3.0,0.06,0.08,0.2
13.379885683410125,34013.96570502304,3772.060775415607,False,119,48.0,0.1,3.0,0.06,0.08,0.2
13.379885683410125,34013.96570502304,3772.060775415607,False,119,96.0,0.1,3.0,0.06,0.08,0.2
13.366485496714645,34009.94564901439,16887.0292102166,False,208,96.0,0.05,3.0,0.06,0.08,0.2
13.366485496714645,34009.94564901439,16887.0292102166,False,208,48.0,0.05,3.0,0.06,0.08,0.2
13.366485496714645,34009.94564901439,16887.0292102166,False,208,,0.05,3.0,0.06,0.08,0.2
13.021180903721422,33906.35427111643,18679.69330920816,False,163,,0.05,4.0,0.06,0.08,0.2
13.021180903721422,33906.35427111643,18679.69330920816,False,163,96.0,0.05,4.0,0.06,0.08,0.2
13.021180903721422,33906.35427111643,18679.69330920816,False,163,48.0,0.05,4.0,0.06,0.08,0.2
13.005621309998922,33901.686392999676,2593.8538339984075,False,163,,0.1,2.0,0.15,0.08,0.3
13.005621309998922,33901.686392999676,2593.8538339984075,False,163,48.0,0.1,2.0,0.15,0.08,0.3
13.005621309998922,33901.686392999676,2593.8538339984075,False,163,96.0,0.1,2.0,0.15,0.08,0.3
12.90801770822453,33872.40531246736,635.5642660541967,False,98,,0.1,4.0,0.1,0.08,0.3
12.90801770822453,33872.40531246736,635.5642660541967,False,98,48.0,0.1,4.0,0.1,0.08,0.3
12.90801770822453,33872.40531246736,635.5642660541967,False,98,96.0,0.1,4.0,0.1,0.08,0.3
12.84652796408734,33853.9583892262,4110.851272209351,False,89,48.0,0.1,4.0,0.06,0.08,0.2
12.84652796408734,33853.9583892262,4110.851272209351,False,89,,0.1,4.0,0.06,0.08,0.2
12.84652796408734,33853.9583892262,4110.851272209351,False,89,96.0,0.1,4.0,0.06,0.08,0.2
12.828208145974301,33848.46244379229,3931.8259460183804,False,93,48.0,0.1,4.0,0.1,0.08,0.2
12.828208145974301,33848.46244379229,3931.8259460183804,False,93,,0.1,4.0,0.1,0.08,0.2
12.828208145974301,33848.46244379229,3931.8259460183804,False,93,96.0,0.1,4.0,0.1,0.08,0.2
12.758746337266954,33827.623901180086,2398.975943854655,False,171,48.0,0.1,2.0,0.06,0.08,0.3
12.758746337266954,33827.623901180086,2398.975943854655,False,171,,0.1,2.0,0.06,0.08,0.3
12.758746337266954,33827.623901180086,2398.975943854655,False,171,96.0,0.1,2.0,0.06,0.08,0.3
12.750275424874417,33825.082627462325,13756.195898002525,False,210,,0.05,4.0,0.06,0.06,0.2
12.750275424874417,33825.082627462325,13756.195898002525,False,210,48.0,0.05,4.0,0.06,0.06,0.2
12.750275424874417,33825.082627462325,13756.195898002525,False,210,96.0,0.05,4.0,0.06,0.06,0.2
12.708123864171988,33812.437159251596,16724.2488463786,False,190,48.0,0.05,3.0,0.1,0.08,0.2
12.708123864171988,33812.437159251596,16724.2488463786,False,190,,0.05,3.0,0.1,0.08,0.2
12.708123864171988,33812.437159251596,16724.2488463786,False,190,96.0,0.05,3.0,0.1,0.08,0.2
12.648137776298437,33794.44133288953,11444.395451559189,False,443,48.0,0.05,2.0,0.06,0.04,0.1
12.648137776298437,33794.44133288953,11444.395451559189,False,443,,0.05,2.0,0.06,0.04,0.1
12.648137776298437,33794.44133288953,11444.395451559189,False,443,96.0,0.05,2.0,0.06,0.04,0.1
12.588626750891368,33776.58802526741,11702.324228135045,False,421,48.0,0.05,2.0,0.1,0.04,0.1
12.588626750891368,33776.58802526741,11702.324228135045,False,421,,0.05,2.0,0.1,0.04,0.1
12.588626750891368,33776.58802526741,11702.324228135045,False,421,96.0,0.05,2.0,0.1,0.04,0.1
12.52411201369095,33757.233604107285,11788.609242568513,False,255,48.0,0.05,3.0,0.06,0.06,0.2
12.52411201369095,33757.233604107285,11788.609242568513,False,255,96.0,0.05,3.0,0.06,0.06,0.2
12.52411201369095,33757.233604107285,11788.609242568513,False,255,,0.05,3.0,0.06,0.06,0.2
12.503407926923465,33751.02237807704,10043.961093719234,False,246,96.0,0.05,4.0,0.15,0.04,0.1
12.503407926923465,33751.02237807704,10043.961093719234,False,246,48.0,0.05,4.0,0.15,0.04,0.1
12.503407926923465,33751.02237807704,10043.961093719234,False,246,,0.05,4.0,0.15,0.04,0.1
12.327212932973513,33698.163879892054,572.7413542258146,False,116,96.0,0.1,4.0,0.06,0.06,0.1
12.327212932973513,33698.163879892054,572.7413542258146,False,116,48.0,0.1,4.0,0.06,0.06,0.1
12.327212932973513,33698.163879892054,572.7413542258146,False,116,,0.1,4.0,0.06,0.06,0.1
12.250787023616649,33675.236107084995,2889.845694186944,False,97,96.0,0.1,4.0,0.15,0.08,0.3
12.250787023616649,33675.236107084995,2889.845694186944,False,97,,0.1,4.0,0.15,0.08,0.3
12.250787023616649,33675.236107084995,2889.845694186944,False,97,48.0,0.1,4.0,0.15,0.08,0.3
12.235641241978058,33670.69237259342,123.97260220555336,False,128,48.0,0.1,4.0,0.1,0.06,0.1
12.235641241978058,33670.69237259342,123.97260220555336,False,128,,0.1,4.0,0.1,0.06,0.1
12.235641241978058,33670.69237259342,123.97260220555336,False,128,96.0,0.1,4.0,0.1,0.06,0.1
12.23200512153373,33669.60153646012,18462.188527689665,False,161,96.0,0.05,4.0,0.06,0.08,0.3
12.23200512153373,33669.60153646012,18462.188527689665,False,161,48.0,0.05,4.0,0.06,0.08,0.3
12.23200512153373,33669.60153646012,18462.188527689665,False,161,,0.05,4.0,0.06,0.08,0.3
11.956584565575104,33586.97536967253,13560.84630848973,False,208,96.0,0.05,4.0,0.06,0.06,0.3
11.956584565575104,33586.97536967253,13560.84630848973,False,208,,0.05,4.0,0.06,0.06,0.3
11.956584565575104,33586.97536967253,13560.84630848973,False,208,48.0,0.05,4.0,0.06,0.06,0.3
11.867743844718087,33560.323153415426,11642.863953901331,False,237,48.0,0.05,3.0,0.1,0.06,0.2
11.867743844718087,33560.323153415426,11642.863953901331,False,237,96.0,0.05,3.0,0.1,0.06,0.2
11.867743844718087,33560.323153415426,11642.863953901331,False,237,,0.05,3.0,0.1,0.06,0.2
11.815200370184854,33544.560111055456,3419.1713220249503,False,60,96.0,0.15,4.0,0.06,0.08,0.1
11.815200370184854,33544.560111055456,3419.1713220249503,False,60,,0.15,4.0,0.06,0.08,0.1
11.815200370184854,33544.560111055456,3419.1713220249503,False,60,48.0,0.15,4.0,0.06,0.08,0.1
11.768840303227721,33530.65209096832,18475.86963483436,False,147,,0.05,4.0,0.1,0.08,0.2
11.768840303227721,33530.65209096832,18475.86963483436,False,147,96.0,0.05,4.0,0.1,0.08,0.2
11.768840303227721,33530.65209096832,18475.86963483436,False,147,48.0,0.05,4.0,0.1,0.08,0.2
11.750774802181986,33525.232440654596,16211.949035496351,False,270,96.0,0.05,2.0,0.06,0.08,0.2
11.750774802181986,33525.232440654596,16211.949035496351,False,270,,0.05,2.0,0.06,0.08,0.2
11.750774802181986,33525.232440654596,16211.949035496351,False,270,48.0,0.05,2.0,0.06,0.08,0.2
11.749316286409691,33524.79488592291,16573.517703558722,False,248,,0.05,2.0,0.1,0.08,0.2
11.749316286409691,33524.79488592291,16573.517703558722,False,248,48.0,0.05,2.0,0.1,0.08,0.2
11.749316286409691,33524.79488592291,16573.517703558722,False,248,96.0,0.05,2.0,0.1,0.08,0.2
11.695847554769983,33508.754266430995,427.36803886551706,False,122,48.0,0.1,4.0,0.06,0.06,0.3
11.695847554769983,33508.754266430995,427.36803886551706,False,122,,0.1,4.0,0.06,0.06,0.3
11.695847554769983,33508.754266430995,427.36803886551706,False,122,96.0,0.1,4.0,0.06,0.06,0.3
11.689786301977438,33506.93589059323,18307.74372364406,False,203,48.0,0.05,3.0,0.06,0.08,0.3
11.689786301977438,33506.93589059323,18307.74372364406,False,203,,0.05,3.0,0.06,0.08,0.3
11.689786301977438,33506.93589059323,18307.74372364406,False,203,96.0,0.05,3.0,0.06,0.08,0.3
11.681571264253265,33504.47137927598,2496.697319405836,False,123,96.0,0.1,3.0,0.15,0.08,0.3
11.681571264253265,33504.47137927598,2496.697319405836,False,123,48.0,0.1,3.0,0.15,0.08,0.3
11.681571264253265,33504.47137927598,2496.697319405836,False,123,,0.1,3.0,0.15,0.08,0.3
11.51931629941772,33455.794889825316,3639.622404707222,False,60,48.0,0.15,4.0,0.06,0.08,0.3
11.51931629941772,33455.794889825316,3639.622404707222,False,60,,0.15,4.0,0.06,0.08,0.2
11.51931629941772,33455.794889825316,3639.622404707222,False,60,,0.15,4.0,0.06,0.08,0.3
11.51931629941772,33455.794889825316,3639.622404707222,False,60,96.0,0.15,4.0,0.06,0.08,0.3
11.51931629941772,33455.794889825316,3639.622404707222,False,60,96.0,0.15,4.0,0.06,0.08,0.2
11.51931629941772,33455.794889825316,3639.622404707222,False,60,48.0,0.15,4.0,0.06,0.08,0.2
11.50499523932735,33451.498571798205,9943.238581352392,False,302,,0.05,3.0,0.15,0.04,0.1
11.50499523932735,33451.498571798205,9943.238581352392,False,302,96.0,0.05,3.0,0.15,0.04,0.1
11.50499523932735,33451.498571798205,9943.238581352392,False,302,48.0,0.05,3.0,0.15,0.04,0.1
11.49540572783558,33448.621718350674,3037.085338500203,False,95,48.0,0.1,4.0,0.15,0.08,0.2
11.49540572783558,33448.621718350674,3037.085338500203,False,95,,0.1,4.0,0.15,0.08,0.2
11.49540572783558,33448.621718350674,3037.085338500203,False,95,96.0,0.1,4.0,0.15,0.08,0.2
11.493790350903534,33448.13710527106,13587.472027705144,False,194,48.0,0.05,4.0,0.1,0.06,0.2
11.493790350903534,33448.13710527106,13587.472027705144,False,194,,0.05,4.0,0.1,0.06,0.2
11.493790350903534,33448.13710527106,13587.472027705144,False,194,96.0,0.05,4.0,0.1,0.06,0.2
11.465831822244873,33439.74954667346,11531.9523519358,False,405,96.0,0.05,2.0,0.15,0.04,0.1
11.465831822244873,33439.74954667346,11531.9523519358,False,405,48.0,0.05,2.0,0.15,0.04,0.1
11.465831822244873,33439.74954667346,11531.9523519358,False,405,,0.05,2.0,0.15,0.04,0.1
11.430754511514484,33429.226353454345,1854.1604636835514,False,179,96.0,0.1,2.0,0.06,0.06,0.1
11.430754511514484,33429.226353454345,1854.1604636835514,False,179,48.0,0.1,2.0,0.06,0.06,0.1
11.430754511514484,33429.226353454345,1854.1604636835514,False,179,,0.1,2.0,0.06,0.06,0.1
11.41997317911048,33425.991953733144,2682.489782087841,False,149,48.0,0.1,3.0,0.15,0.06,0.1
11.41997317911048,33425.991953733144,2682.489782087841,False,149,96.0,0.1,3.0,0.15,0.06,0.1
11.41997317911048,33425.991953733144,2682.489782087841,False,149,,0.1,3.0,0.15,0.06,0.1
11.326262073604838,33397.87862208145,11239.464545279594,False,343,,0.05,2.0,0.06,0.06,0.2
11.326262073604838,33397.87862208145,11239.464545279594,False,343,48.0,0.05,2.0,0.06,0.06,0.2
11.326262073604838,33397.87862208145,11239.464545279594,False,343,96.0,0.05,2.0,0.06,0.06,0.2
11.270698853041248,33381.209655912375,11459.280228823172,False,321,96.0,0.05,2.0,0.1,0.06,0.2
11.270698853041248,33381.209655912375,11459.280228823172,False,321,48.0,0.05,2.0,0.1,0.06,0.2
11.270698853041248,33381.209655912375,11459.280228823172,False,321,,0.05,2.0,0.1,0.06,0.2
11.204543369020733,33361.36301070622,661.7853231126019,False,110,,0.1,4.0,0.06,0.06,0.2
11.204543369020733,33361.36301070622,661.7853231126019,False,110,96.0,0.1,4.0,0.06,0.06,0.2
11.204543369020733,33361.36301070622,661.7853231126019,False,110,48.0,0.1,4.0,0.06,0.06,0.2
11.199744645375224,33359.92339361257,2233.6080808264014,False,191,,0.1,2.0,0.06,0.06,0.2
11.199744645375224,33359.92339361257,2233.6080808264014,False,191,48.0,0.1,2.0,0.06,0.06,0.2
11.199744645375224,33359.92339361257,2233.6080808264014,False,191,96.0,0.1,2.0,0.06,0.06,0.2
11.179313233739546,33353.793970121864,85.58349233576382,False,136,96.0,0.1,4.0,0.15,0.06,0.3
11.179313233739546,33353.793970121864,85.58349233576382,False,136,,0.1,4.0,0.15,0.06,0.3
11.179313233739546,33353.793970121864,85.58349233576382,False,136,48.0,0.1,4.0,0.15,0.06,0.3
11.06303593179992,33318.910779539976,2152.55927099414,False,185,48.0,0.1,2.0,0.1,0.06,0.1
11.06303593179992,33318.910779539976,2152.55927099414,False,185,96.0,0.1,2.0,0.1,0.06,0.1
11.06303593179992,33318.910779539976,2152.55927099414,False,185,,0.1,2.0,0.1,0.06,0.1
11.05029321336927,33315.08796401078,337.0508929173716,False,140,48.0,0.1,3.0,0.06,0.06,0.3
11.05029321336927,33315.08796401078,337.0508929173716,False,140,,0.1,3.0,0.06,0.06,0.3
11.05029321336927,33315.08796401078,337.0508929173716,False,140,96.0,0.1,3.0,0.06,0.06,0.3
11.044247572047412,33313.274271614224,18143.120885560726,False,185,,0.05,3.0,0.1,0.08,0.3
11.044247572047412,33313.274271614224,18143.120885560726,False,185,96.0,0.05,3.0,0.1,0.08,0.3
11.044247572047412,33313.274271614224,18143.120885560726,False,185,48.0,0.05,3.0,0.1,0.08,0.3
10.988321804315127,33296.49654129454,18260.11669747014,False,145,48.0,0.05,4.0,0.1,0.08,0.3
10.988321804315127,33296.49654129454,18260.11669747014,False,145,96.0,0.05,4.0,0.1,0.08,0.3
10.988321804315127,33296.49654129454,18260.11669747014,False,145,,0.05,4.0,0.1,0.08,0.3
10.98622581127381,33295.86774338214,267.6496811488255,False,126,96.0,0.1,4.0,0.1,0.06,0.3
10.98622581127381,33295.86774338214,267.6496811488255,False,126,,0.1,4.0,0.1,0.06,0.3
10.98622581127381,33295.86774338214,267.6496811488255,False,126,48.0,0.1,4.0,0.1,0.06,0.3
10.854553266114065,33256.36597983422,13264.380897093231,False,250,,0.05,3.0,0.06,0.06,0.3
10.854553266114065,33256.36597983422,13264.380897093231,False,250,48.0,0.05,3.0,0.06,0.06,0.3
10.854553266114065,33256.36597983422,13264.380897093231,False,250,96.0,0.05,3.0,0.06,0.06,0.3
10.827391794417561,33248.21753832527,2553.091258708844,False,203,,0.1,2.0,0.15,0.06,0.2
10.827391794417561,33248.21753832527,2553.091258708844,False,203,48.0,0.1,2.0,0.15,0.06,0.2
10.827391794417561,33248.21753832527,2553.091258708844,False,203,96.0,0.1,2.0,0.15,0.06,0.2
10.776640222475397,33232.99206674262,2663.064652165298,False,119,,0.1,3.0,0.15,0.08,0.2
10.776640222475397,33232.99206674262,2663.064652165298,False,119,96.0,0.1,3.0,0.15,0.08,0.2
10.776640222475397,33232.99206674262,2663.064652165298,False,119,48.0,0.1,3.0,0.15,0.08,0.2
10.76504797634865,33229.514392904595,2942.8212143364344,False,123,96.0,0.1,4.0,0.15,0.06,0.2
10.76504797634865,33229.514392904595,2942.8212143364344,False,123,,0.1,4.0,0.15,0.06,0.2
10.76504797634865,33229.514392904595,2942.8212143364344,False,123,48.0,0.1,4.0,0.15,0.06,0.2
10.721590347379024,33216.47710421371,380.5183621512183,False,116,96.0,0.1,4.0,0.1,0.06,0.2
10.721590347379024,33216.47710421371,380.5183621512183,False,116,,0.1,4.0,0.1,0.06,0.2
10.721590347379024,33216.47710421371,380.5183621512183,False,116,48.0,0.1,4.0,0.1,0.06,0.2
10.708828651674049,33212.648595502214,13393.640735027066,False,192,96.0,0.05,4.0,0.1,0.06,0.3
10.708828651674049,33212.648595502214,13393.640735027066,False,192,48.0,0.05,4.0,0.1,0.06,0.3
10.708828651674049,33212.648595502214,13393.640735027066,False,192,,0.05,4.0,0.1,0.06,0.3
10.676760245161494,33203.02807354845,547.617837071849,False,134,48.0,0.1,3.0,0.06,0.06,0.1
10.676760245161494,33203.02807354845,547.617837071849,False,134,96.0,0.1,3.0,0.06,0.06,0.1
10.676760245161494,33203.02807354845,547.617837071849,False,134,,0.1,3.0,0.06,0.06,0.1
10.64972771326422,33194.918313979266,2445.6833024428047,False,197,,0.1,2.0,0.1,0.06,0.2
10.64972771326422,33194.918313979266,2445.6833024428047,False,197,48.0,0.1,2.0,0.1,0.06,0.2
10.64972771326422,33194.918313979266,2445.6833024428047,False,197,96.0,0.1,2.0,0.1,0.06,0.2
10.615594775631447,33184.678432689434,16234.526327913984,False,264,48.0,0.05,2.0,0.06,0.08,0.3
10.615594775631447,33184.678432689434,16234.526327913984,False,264,96.0,0.05,2.0,0.06,0.08,0.3
10.615594775631447,33184.678432689434,16234.526327913984,False,264,,0.05,2.0,0.06,0.08,0.3
10.591045001494203,33177.31350044826,2292.574480728071,False,193,48.0,0.1,2.0,0.06,0.06,0.3
10.591045001494203,33177.31350044826,2292.574480728071,False,193,,0.1,2.0,0.06,0.06,0.3
10.591045001494203,33177.31350044826,2292.574480728071,False,193,96.0,0.1,2.0,0.06,0.06,0.3
10.588140793322236,33176.44223799667,1854.5927969172535,False,195,48.0,0.1,2.0,0.15,0.06,0.1
10.588140793322236,33176.44223799667,1854.5927969172535,False,195,96.0,0.1,2.0,0.15,0.06,0.1
10.588140793322236,33176.44223799667,1854.5927969172535,False,195,,0.1,2.0,0.15,0.06,0.1
10.581406849562482,33174.422054868744,16240.330350474198,False,232,48.0,0.05,2.0,0.15,0.08,0.2
10.581406849562482,33174.422054868744,16240.330350474198,False,232,96.0,0.05,2.0,0.15,0.08,0.2
10.581406849562482,33174.422054868744,16240.330350474198,False,232,,0.05,2.0,0.15,0.08,0.2
10.563219843566767,33168.96595307003,16421.749104620256,False,242,,0.05,2.0,0.1,0.08,0.3
10.563219843566767,33168.96595307003,16421.749104620256,False,242,96.0,0.05,2.0,0.1,0.08,0.3
10.563219843566767,33168.96595307003,16421.749104620256,False,242,48.0,0.05,2.0,0.1,0.08,0.3
10.482204354764448,33144.661306429334,11560.575676600107,False,307,96.0,0.05,3.0,0.06,0.04,0.2
10.482204354764448,33144.661306429334,11560.575676600107,False,307,48.0,0.05,3.0,0.06,0.04,0.2
10.482204354764448,33144.661306429334,11560.575676600107,False,307,,0.05,3.0,0.06,0.04,0.2
10.428717793178972,33128.61533795369,186.10241400059476,False,144,,0.1,3.0,0.1,0.06,0.1
10.428717793178972,33128.61533795369,186.10241400059476,False,144,48.0,0.1,3.0,0.1,0.06,0.1
10.428717793178972,33128.61533795369,186.10241400059476,False,144,96.0,0.1,3.0,0.1,0.06,0.1
10.391629178821653,33117.488753646496,16292.949587644809,False,176,,0.05,3.0,0.15,0.08,0.2
10.391629178821653,33117.488753646496,16292.949587644809,False,176,48.0,0.05,3.0,0.15,0.08,0.2
10.391629178821653,33117.488753646496,16292.949587644809,False,176,96.0,0.05,3.0,0.15,0.08,0.2
10.313974439923138,33094.19233197694,13232.604659709263,False,248,48.0,0.05,4.0,0.06,0.04,0.2
10.313974439923138,33094.19233197694,13232.604659709263,False,248,,0.05,4.0,0.06,0.04,0.2
10.313974439923138,33094.19233197694,13232.604659709263,False,248,96.0,0.05,4.0,0.06,0.04,0.2
10.26575383977523,33079.72615193257,18130.95461968198,False,139,48.0,0.05,4.0,0.15,0.08,0.2
10.26575383977523,33079.72615193257,18130.95461968198,False,139,96.0,0.05,4.0,0.15,0.08,0.2
10.26575383977523,33079.72615193257,18130.95461968198,False,139,,0.05,4.0,0.15,0.08,0.2
10.210981127583048,33063.294338274914,13116.35308631339,False,232,48.0,0.05,3.0,0.1,0.06,0.3
10.210981127583048,33063.294338274914,13116.35308631339,False,232,96.0,0.05,3.0,0.1,0.06,0.3
10.210981127583048,33063.294338274914,13116.35308631339,False,232,,0.05,3.0,0.1,0.06,0.3
10.194229013952379,33058.26870418571,11320.769679007171,False,337,,0.05,2.0,0.06,0.06,0.3
10.194229013952379,33058.26870418571,11320.769679007171,False,337,96.0,0.05,2.0,0.06,0.06,0.3
10.194229013952379,33058.26870418571,11320.769679007171,False,337,48.0,0.05,2.0,0.06,0.06,0.3
10.157234935122688,33047.170480536806,11315.976556709827,False,305,,0.05,2.0,0.15,0.06,0.2
10.157234935122688,33047.170480536806,11315.976556709827,False,305,48.0,0.05,2.0,0.15,0.06,0.2
10.157234935122688,33047.170480536806,11315.976556709827,False,305,96.0,0.05,2.0,0.15,0.06,0.2
10.141123269706707,33042.33698091201,11514.568500235531,False,315,48.0,0.05,2.0,0.1,0.06,0.3
10.141123269706707,33042.33698091201,11514.568500235531,False,315,96.0,0.05,2.0,0.1,0.06,0.3
10.141123269706707,33042.33698091201,11514.568500235531,False,315,,0.05,2.0,0.1,0.06,0.3
9.988023299008006,32996.4069897024,13286.676931629401,False,186,,0.05,4.0,0.15,0.06,0.2
9.988023299008006,32996.4069897024,13286.676931629401,False,186,48.0,0.05,4.0,0.15,0.06,0.2
9.988023299008006,32996.4069897024,13286.676931629401,False,186,96.0,0.05,4.0,0.15,0.06,0.2
9.936997832629082,32981.099349788725,121.30094513313679,False,128,48.0,0.1,3.0,0.06,0.06,0.2
9.936997832629082,32981.099349788725,121.30094513313679,False,128,96.0,0.1,3.0,0.06,0.06,0.2
9.936997832629082,32981.099349788725,121.30094513313679,False,128,,0.1,3.0,0.06,0.06,0.2
9.93627543161628,32980.882629484884,2802.3285200532673,False,74,,0.15,4.0,0.06,0.06,0.2
9.93627543161628,32980.882629484884,2802.3285200532673,False,74,48.0,0.15,4.0,0.06,0.06,0.3
9.93627543161628,32980.882629484884,2802.3285200532673,False,74,96.0,0.15,4.0,0.06,0.06,0.3
9.93627543161628,32980.882629484884,2802.3285200532673,False,74,96.0,0.15,4.0,0.06,0.06,0.2
9.93627543161628,32980.882629484884,2802.3285200532673,False,74,48.0,0.15,4.0,0.06,0.06,0.2
9.93627543161628,32980.882629484884,2802.3285200532673,False,74,,0.15,4.0,0.06,0.06,0.3
9.93554589508538,32980.663768525614,3210.5216464330697,False,131,48.0,0.1,3.0,0.1,0.06,0.2
9.93554589508538,32980.663768525614,3210.5216464330697,False,131,96.0,0.1,3.0,0.1,0.06,0.2
9.93554589508538,32980.663768525614,3210.5216464330697,False,131,,0.1,3.0,0.1,0.06,0.2
9.910263796003516,32973.079138801055,114.48664763950592,False,148,96.0,0.1,3.0,0.1,0.06,0.3
9.910263796003516,32973.079138801055,114.48664763950592,False,148,48.0,0.1,3.0,0.1,0.06,0.3
9.910263796003516,32973.079138801055,114.48664763950592,False,148,,0.1,3.0,0.1,0.06,0.3
9.83597673765631,32950.79302129689,11407.907461647665,False,289,96.0,0.05,3.0,0.1,0.04,0.2
9.83597673765631,32950.79302129689,11407.907461647665,False,289,48.0,0.05,3.0,0.1,0.04,0.2
9.83597673765631,32950.79302129689,11407.907461647665,False,289,,0.05,3.0,0.1,0.04,0.2
9.816915647403778,32945.07469422113,2187.419324105802,False,84,48.0,0.15,2.0,0.1,0.08,0.1
9.816915647403778,32945.07469422113,2187.419324105802,False,84,,0.15,2.0,0.1,0.08,0.1
9.816915647403778,32945.07469422113,2187.419324105802,False,84,96.0,0.15,2.0,0.1,0.08,0.1
9.743546427099039,32923.06392812971,3889.445426717668,False,68,96.0,0.15,3.0,0.06,0.08,0.2
9.743546427099039,32923.06392812971,3889.445426717668,False,68,,0.15,3.0,0.06,0.08,0.2
9.743546427099039,32923.06392812971,3889.445426717668,False,68,,0.15,3.0,0.06,0.08,0.3
9.743546427099039,32923.06392812971,3889.445426717668,False,68,48.0,0.15,3.0,0.06,0.08,0.2
9.743546427099039,32923.06392812971,3889.445426717668,False,68,48.0,0.15,3.0,0.06,0.08,0.3
9.743546427099039,32923.06392812971,3889.445426717668,False,68,96.0,0.15,3.0,0.06,0.08,0.3
9.739218505857133,32921.76555175714,2740.8599491096793,False,72,,0.15,3.0,0.15,0.08,0.1
9.739218505857133,32921.76555175714,2740.8599491096793,False,72,96.0,0.15,3.0,0.15,0.08,0.1
9.739218505857133,32921.76555175714,2740.8599491096793,False,72,48.0,0.15,3.0,0.15,0.08,0.1
9.711789801786072,32913.53694053582,2501.5305655141974,False,197,96.0,0.1,2.0,0.1,0.06,0.3
9.711789801786072,32913.53694053582,2501.5305655141974,False,197,,0.1,2.0,0.1,0.06,0.3
9.711789801786072,32913.53694053582,2501.5305655141974,False,197,48.0,0.1,2.0,0.1,0.06,0.3
9.698865805235329,32909.6597415706,2556.2783296457483,False,70,48.0,0.15,4.0,0.06,0.06,0.1
9.698865805235329,32909.6597415706,2556.2783296457483,False,70,96.0,0.15,4.0,0.06,0.06,0.1
9.698865805235329,32909.6597415706,2556.2783296457483,False,70,,0.15,4.0,0.06,0.06,0.1
9.655250489774675,32896.5751469324,1865.6809382001302,False,92,,0.15,2.0,0.15,0.08,0.1
9.655250489774675,32896.5751469324,1865.6809382001302,False,92,48.0,0.15,2.0,0.15,0.08,0.1
9.655250489774675,32896.5751469324,1865.6809382001302,False,92,96.0,0.15,2.0,0.15,0.08,0.1
9.62916636512867,32888.7499095386,2559.7405438542864,False,72,96.0,0.15,3.0,0.15,0.08,0.2
9.62916636512867,32888.7499095386,2559.7405438542864,False,72,48.0,0.15,3.0,0.15,0.08,0.2
9.62916636512867,32888.7499095386,2559.7405438542864,False,72,,0.15,3.0,0.15,0.08,0.2
9.565585004324724,32869.67550129742,11313.420121614663,False,223,96.0,0.05,3.0,0.15,0.06,0.2
9.565585004324724,32869.67550129742,11313.420121614663,False,223,,0.05,3.0,0.15,0.06,0.2
9.565585004324724,32869.67550129742,11313.420121614663,False,223,48.0,0.05,3.0,0.15,0.06,0.2
9.533085904618298,32859.92577138549,13054.678221692733,False,246,96.0,0.05,4.0,0.06,0.04,0.3
9.533085904618298,32859.92577138549,13054.678221692733,False,246,48.0,0.05,4.0,0.06,0.04,0.3
9.533085904618298,32859.92577138549,13054.678221692733,False,246,,0.05,4.0,0.06,0.04,0.3
9.494544718900482,32848.363415670145,17917.106737476297,False,137,48.0,0.05,4.0,0.15,0.08,0.3
9.494544718900482,32848.363415670145,17917.106737476297,False,137,96.0,0.05,4.0,0.15,0.08,0.3
9.494544718900482,32848.363415670145,17917.106737476297,False,137,,0.05,4.0,0.15,0.08,0.3
9.463312571778758,32838.99377153363,16226.469077641726,False,226,96.0,0.05,2.0,0.15,0.08,0.3
9.463312571778758,32838.99377153363,16226.469077641726,False,226,48.0,0.05,2.0,0.15,0.08,0.3
9.463312571778758,32838.99377153363,16226.469077641726,False,226,,0.05,2.0,0.15,0.08,0.3
9.413060468873665,32823.9181406621,11247.840900366875,False,409,,0.05,2.0,0.06,0.04,0.2
9.413060468873665,32823.9181406621,11247.840900366875,False,409,48.0,0.05,2.0,0.06,0.04,0.2
9.413060468873665,32823.9181406621,11247.840900366875,False,409,96.0,0.05,2.0,0.06,0.04,0.2
9.359133680047574,32807.74010401427,11472.905190629424,False,387,,0.05,2.0,0.1,0.04,0.2
9.359133680047574,32807.74010401427,11472.905190629424,False,387,96.0,0.05,2.0,0.1,0.04,0.2
9.359133680047574,32807.74010401427,11472.905190629424,False,387,48.0,0.05,2.0,0.1,0.04,0.2
9.212429234388559,32763.728770316568,13094.488880583132,False,184,,0.05,4.0,0.15,0.06,0.3
9.212429234388559,32763.728770316568,13094.488880583132,False,184,96.0,0.05,4.0,0.15,0.06,0.3
9.212429234388559,32763.728770316568,13094.488880583132,False,184,48.0,0.05,4.0,0.15,0.06,0.3
9.086765910111644,32726.029773033493,13080.52408091445,False,232,96.0,0.05,4.0,0.1,0.04,0.2
9.086765910111644,32726.029773033493,13080.52408091445,False,232,,0.05,4.0,0.1,0.04,0.2
9.086765910111644,32726.029773033493,13080.52408091445,False,232,48.0,0.05,4.0,0.1,0.04,0.2
9.055943850653142,32716.783155195943,3079.2267969904497,False,56,48.0,0.15,4.0,0.15,0.08,0.3
9.055943850653142,32716.783155195943,3079.2267969904497,False,56,,0.15,4.0,0.15,0.08,0.3
9.055943850653142,32716.783155195943,3079.2267969904497,False,56,96.0,0.15,4.0,0.15,0.08,0.3
9.054510668297553,32716.353200489266,2623.291652394974,False,205,96.0,0.1,2.0,0.15,0.06,0.3
9.054510668297553,32716.353200489266,2623.291652394974,False,205,48.0,0.1,2.0,0.15,0.06,0.3
9.054510668297553,32716.353200489266,2623.291652394974,False,205,,0.1,2.0,0.15,0.06,0.3
9.045181654588403,32713.55449637652,2825.4287049936665,False,58,48.0,0.15,4.0,0.15,0.08,0.1
9.045181654588403,32713.55449637652,2825.4287049936665,False,58,96.0,0.15,4.0,0.15,0.08,0.1
9.045181654588403,32713.55449637652,2825.4287049936665,False,58,,0.15,4.0,0.15,0.08,0.1
9.042268247570936,32712.68047427128,11360.231466376059,False,299,48.0,0.05,2.0,0.15,0.06,0.3
9.042268247570936,32712.68047427128,11360.231466376059,False,299,96.0,0.05,2.0,0.15,0.06,0.3
9.042268247570936,32712.68047427128,11360.231466376059,False,299,,0.05,2.0,0.15,0.06,0.3
8.892848904001378,32667.854671200414,1280.8926874254576,False,86,,0.15,2.0,0.06,0.08,0.1
8.892848904001378,32667.854671200414,1280.8926874254576,False,86,48.0,0.15,2.0,0.06,0.08,0.1
8.892848904001378,32667.854671200414,1280.8926874254576,False,86,96.0,0.15,2.0,0.06,0.08,0.1
8.870514795447223,32661.154438634167,3169.5390334756385,False,54,96.0,0.15,4.0,0.1,0.08,0.1
8.870514795447223,32661.154438634167,3169.5390334756385,False,54,,0.15,4.0,0.1,0.08,0.1
8.870514795447223,32661.154438634167,3169.5390334756385,False,54,48.0,0.15,4.0,0.1,0.08,0.1
8.83230181283686,32649.69054385106,13014.322057727075,False,302,96.0,0.05,3.0,0.06,0.04,0.3
8.83230181283686,32649.69054385106,13014.322057727075,False,302,48.0,0.05,3.0,0.06,0.04,0.3
8.83230181283686,32649.69054385106,13014.322057727075,False,302,,0.05,3.0,0.06,0.04,0.3
8.828802253081886,32648.640675924566,2606.330323367455,False,90,96.0,0.15,2.0,0.15,0.08,0.2
8.828802253081886,32648.640675924566,2606.330323367455,False,90,,0.15,2.0,0.15,0.08,0.2
8.828802253081886,32648.640675924566,2606.330323367455,False,90,48.0,0.15,2.0,0.15,0.08,0.2
8.81562399600504,32644.687198801512,2745.8964532663986,False,151,,0.1,3.0,0.15,0.06,0.3
8.81562399600504,32644.687198801512,2745.8964532663986,False,151,48.0,0.1,3.0,0.15,0.06,0.3
8.81562399600504,32644.687198801512,2745.8964532663986,False,151,96.0,0.1,3.0,0.15,0.06,0.3
8.759205580249303,32627.76167407479,17698.916937386195,False,171,48.0,0.05,3.0,0.15,0.08,0.3
8.759205580249303,32627.76167407479,17698.916937386195,False,171,,0.05,3.0,0.15,0.08,0.3
8.759205580249303,32627.76167407479,17698.916937386195,False,171,96.0,0.05,3.0,0.15,0.08,0.3
8.718171144421104,32615.45134332633,3563.1642778711384,False,64,96.0,0.15,3.0,0.06,0.08,0.1
8.718171144421104,32615.45134332633,3563.1642778711384,False,64,,0.15,3.0,0.06,0.08,0.1
8.718171144421104,32615.45134332633,3563.1642778711384,False,64,48.0,0.15,3.0,0.06,0.08,0.1
8.708254863614009,32612.476459084202,2073.6977010686414,False,88,,0.15,2.0,0.06,0.08,0.2
8.708254863614009,32612.476459084202,2073.6977010686414,False,88,,0.15,2.0,0.06,0.08,0.3
8.708254863614009,32612.476459084202,2073.6977010686414,False,88,96.0,0.15,2.0,0.06,0.08,0.3
8.708254863614009,32612.476459084202,2073.6977010686414,False,88,48.0,0.15,2.0,0.06,0.08,0.2
8.708254863614009,32612.476459084202,2073.6977010686414,False,88,48.0,0.15,2.0,0.06,0.08,0.3
8.708254863614009,32612.476459084202,2073.6977010686414,False,88,96.0,0.15,2.0,0.06,0.08,0.2
8.652254473233285,32595.676341969986,2391.2500346809416,False,139,96.0,0.1,3.0,0.15,0.06,0.2
8.652254473233285,32595.676341969986,2391.2500346809416,False,139,,0.1,3.0,0.15,0.06,0.2
8.652254473233285,32595.676341969986,2391.2500346809416,False,139,48.0,0.1,3.0,0.15,0.06,0.2
8.527170820642931,32558.15124619288,3230.636931776181,False,64,,0.15,3.0,0.1,0.08,0.1
8.527170820642931,32558.15124619288,3230.636931776181,False,64,48.0,0.15,3.0,0.1,0.08,0.1
8.527170820642931,32558.15124619288,3230.636931776181,False,64,96.0,0.15,3.0,0.1,0.08,0.1
8.50609957890648,32551.829873671944,2464.8302273207028,False,72,,0.15,3.0,0.15,0.08,0.3
8.50609957890648,32551.829873671944,2464.8302273207028,False,72,96.0,0.15,3.0,0.15,0.08,0.3
8.50609957890648,32551.829873671944,2464.8302273207028,False,72,48.0,0.15,3.0,0.15,0.08,0.3
8.491629118615663,32547.4887355847,2905.800001953762,False,54,,0.15,4.0,0.1,0.08,0.2
8.491629118615663,32547.4887355847,2905.800001953762,False,54,48.0,0.15,4.0,0.1,0.08,0.2
8.491629118615663,32547.4887355847,2905.800001953762,False,54,96.0,0.15,4.0,0.1,0.08,0.2
8.440332657683854,32532.099797305156,3464.970122708519,False,66,48.0,0.15,3.0,0.1,0.08,0.3
8.440332657683854,32532.099797305156,3464.970122708519,False,66,,0.15,3.0,0.1,0.08,0.3
8.440332657683854,32532.099797305156,3464.970122708519,False,66,,0.15,3.0,0.1,0.08,0.2
8.440332657683854,32532.099797305156,3464.970122708519,False,66,48.0,0.15,3.0,0.1,0.08,0.2
8.440332657683854,32532.099797305156,3464.970122708519,False,66,96.0,0.15,3.0,0.1,0.08,0.2
8.440332657683854,32532.099797305156,3464.970122708519,False,66,96.0,0.15,3.0,0.1,0.08,0.3
8.422775363148528,32526.832608944558,1638.0152835003528,False,104,96.0,0.15,2.0,0.06,0.06,0.1
8.422775363148528,32526.832608944558,1638.0152835003528,False,104,48.0,0.15,2.0,0.06,0.06,0.1
8.422775363148528,32526.832608944558,1638.0152835003528,False,104,,0.15,2.0,0.06,0.06,0.1
8.421974742870662,32526.5924228612,2786.7481693135505,False,86,48.0,0.15,2.0,0.1,0.08,0.3
8.421974742870662,32526.5924228612,2786.7481693135505,False,86,96.0,0.15,2.0,0.1,0.08,0.2
8.421974742870662,32526.5924228612,2786.7481693135505,False,86,,0.15,2.0,0.1,0.08,0.2
8.421974742870662,32526.5924228612,2786.7481693135505,False,86,48.0,0.15,2.0,0.1,0.08,0.2
8.421974742870662,32526.5924228612,2786.7481693135505,False,86,,0.15,2.0,0.1,0.08,0.3
8.421974742870662,32526.5924228612,2786.7481693135505,False,86,96.0,0.15,2.0,0.1,0.08,0.3
8.314482862830992,32494.344858849297,12903.943150926194,False,230,96.0,0.05,4.0,0.1,0.04,0.3
8.314482862830992,32494.344858849297,12903.943150926194,False,230,,0.05,4.0,0.1,0.04,0.3
8.314482862830992,32494.344858849297,12903.943150926194,False,230,48.0,0.05,4.0,0.1,0.04,0.3
8.247016321652458,32474.104896495737,11194.312903574351,False,403,48.0,0.05,2.0,0.06,0.04,0.3
8.247016321652458,32474.104896495737,11194.312903574351,False,403,,0.05,2.0,0.06,0.04,0.3
8.247016321652458,32474.104896495737,11194.312903574351,False,403,96.0,0.05,2.0,0.06,0.04,0.3
8.244605030606666,32473.381509182,2566.067102850595,False,56,96.0,0.15,4.0,0.15,0.08,0.2
8.244605030606666,32473.381509182,2566.067102850595,False,56,48.0,0.15,4.0,0.15,0.08,0.2
8.244605030606666,32473.381509182,2566.067102850595,False,56,,0.15,4.0,0.15,0.08,0.2
8.208248113453894,32462.47443403617,11152.42696723306,False,371,96.0,0.05,2.0,0.15,0.04,0.2
8.208248113453894,32462.47443403617,11152.42696723306,False,371,,0.05,2.0,0.15,0.04,0.2
8.208248113453894,32462.47443403617,11152.42696723306,False,371,48.0,0.05,2.0,0.15,0.04,0.2
8.198786167676348,32459.635850302904,12859.521366854984,False,284,96.0,0.05,3.0,0.1,0.04,0.3
8.198786167676348,32459.635850302904,12859.521366854984,False,284,48.0,0.05,3.0,0.1,0.04,0.3
8.198786167676348,32459.635850302904,12859.521366854984,False,284,,0.05,3.0,0.1,0.04,0.3
8.195802454888302,32458.74073646649,11393.644990106568,False,381,48.0,0.05,2.0,0.1,0.04,0.3
8.195802454888302,32458.74073646649,11393.644990106568,False,381,,0.05,2.0,0.1,0.04,0.3
8.195802454888302,32458.74073646649,11393.644990106568,False,381,96.0,0.05,2.0,0.1,0.04,0.3
8.194665759656369,32458.39972789691,2094.1636006611443,False,227,96.0,0.1,2.0,0.06,0.04,0.1
8.194665759656369,32458.39972789691,2094.1636006611443,False,227,,0.1,2.0,0.06,0.04,0.1
8.194665759656369,32458.39972789691,2094.1636006611443,False,227,48.0,0.1,2.0,0.06,0.04,0.1
8.043735935869844,32413.120780760953,1597.5172432421004,False,106,48.0,0.15,2.0,0.1,0.06,0.1
8.043735935869844,32413.120780760953,1597.5172432421004,False,106,96.0,0.15,2.0,0.1,0.06,0.1
8.043735935869844,32413.120780760953,1597.5172432421004,False,106,,0.15,2.0,0.1,0.06,0.1
7.940159665215421,32382.047899564626,12772.726375383874,False,218,,0.05,3.0,0.15,0.06,0.3
7.940159665215421,32382.047899564626,12772.726375383874,False,218,48.0,0.05,3.0,0.15,0.06,0.3
7.940159665215421,32382.047899564626,12772.726375383874,False,218,96.0,0.05,3.0,0.15,0.06,0.3
7.91020871938461,32373.062615815383,2075.850549449444,False,231,48.0,0.1,2.0,0.1,0.04,0.1
7.91020871938461,32373.062615815383,2075.850549449444,False,231,,0.1,2.0,0.1,0.04,0.1
7.91020871938461,32373.062615815383,2075.850549449444,False,231,96.0,0.1,2.0,0.1,0.04,0.1
7.610939834081461,32283.28195022444,12788.566011175883,False,224,48.0,0.05,4.0,0.15,0.04,0.2
7.610939834081461,32283.28195022444,12788.566011175883,False,224,96.0,0.05,4.0,0.15,0.04,0.2
7.610939834081461,32283.28195022444,12788.566011175883,False,224,,0.05,4.0,0.15,0.04,0.2
7.571951029540311,32271.585308862093,11080.40796131791,False,275,48.0,0.05,3.0,0.15,0.04,0.2
7.571951029540311,32271.585308862093,11080.40796131791,False,275,96.0,0.05,3.0,0.15,0.04,0.2
7.571951029540311,32271.585308862093,11080.40796131791,False,275,,0.05,3.0,0.15,0.04,0.2
7.559914481222379,32267.974344366714,2339.35664229136,False,90,,0.15,2.0,0.15,0.08,0.3
7.559914481222379,32267.974344366714,2339.35664229136,False,90,48.0,0.15,2.0,0.15,0.08,0.3
7.559914481222379,32267.974344366714,2339.35664229136,False,90,96.0,0.15,2.0,0.15,0.08,0.3
7.514881183215487,32254.464354964646,3133.3202489356745,False,54,96.0,0.15,4.0,0.1,0.08,0.3
7.514881183215487,32254.464354964646,3133.3202489356745,False,54,48.0,0.15,4.0,0.1,0.08,0.3
7.514881183215487,32254.464354964646,3133.3202489356745,False,54,,0.15,4.0,0.1,0.08,0.3
7.319470010168043,32195.841003050413,2459.4997949357785,False,127,48.0,0.1,4.0,0.06,0.04,0.1
7.319470010168043,32195.841003050413,2459.4997949357785,False,127,,0.1,4.0,0.06,0.04,0.1
7.319470010168043,32195.841003050413,2459.4997949357785,False,127,96.0,0.1,4.0,0.06,0.04,0.1
7.3136248592880175,32194.087457786405,2292.0191351984186,False,76,96.0,0.15,3.0,0.1,0.06,0.1
7.3136248592880175,32194.087457786405,2292.0191351984186,False,76,48.0,0.15,3.0,0.1,0.06,0.1
7.3136248592880175,32194.087457786405,2292.0191351984186,False,76,,0.15,3.0,0.1,0.06,0.1
7.2617382843563005,32178.52148530689,2042.5274373835882,False,104,48.0,0.15,2.0,0.06,0.06,0.2
7.2617382843563005,32178.52148530689,2042.5274373835882,False,104,48.0,0.15,2.0,0.06,0.06,0.3
7.2617382843563005,32178.52148530689,2042.5274373835882,False,104,96.0,0.15,2.0,0.06,0.06,0.3
7.2617382843563005,32178.52148530689,2042.5274373835882,False,104,96.0,0.15,2.0,0.06,0.06,0.2
7.2617382843563005,32178.52148530689,2042.5274373835882,False,104,,0.15,2.0,0.06,0.06,0.3
7.2617382843563005,32178.52148530689,2042.5274373835882,False,104,,0.15,2.0,0.06,0.06,0.2
7.254674368362029,32176.40231050861,2622.598086588229,False,131,48.0,0.1,4.0,0.06,0.04,0.2
7.254674368362029,32176.40231050861,2622.598086588229,False,131,,0.1,4.0,0.06,0.04,0.2
7.254674368362029,32176.40231050861,2622.598086588229,False,131,96.0,0.1,4.0,0.06,0.04,0.2
7.254674368362029,32176.40231050861,2622.598086588229,False,131,48.0,0.1,4.0,0.06,0.04,0.3
7.254674368362029,32176.40231050861,2622.598086588229,False,131,96.0,0.1,4.0,0.06,0.04,0.3
7.254674368362029,32176.40231050861,2622.598086588229,False,131,,0.1,4.0,0.06,0.04,0.3
7.1907179607113365,32157.2153882134,2649.1550031052393,False,78,96.0,0.15,3.0,0.06,0.06,0.3
7.1907179607113365,32157.2153882134,2649.1550031052393,False,78,48.0,0.15,3.0,0.06,0.06,0.2
7.1907179607113365,32157.2153882134,2649.1550031052393,False,78,48.0,0.15,3.0,0.06,0.06,0.3
7.1907179607113365,32157.2153882134,2649.1550031052393,False,78,,0.15,3.0,0.06,0.06,0.2
7.1907179607113365,32157.2153882134,2649.1550031052393,False,78,,0.15,3.0,0.06,0.06,0.3
7.1907179607113365,32157.2153882134,2649.1550031052393,False,78,96.0,0.15,3.0,0.06,0.06,0.2
7.13932887679223,32141.79866303767,2651.654975648151,False,157,48.0,0.1,3.0,0.06,0.04,0.1
7.13932887679223,32141.79866303767,2651.654975648151,False,157,,0.1,3.0,0.06,0.04,0.1
7.13932887679223,32141.79866303767,2651.654975648151,False,157,96.0,0.1,3.0,0.06,0.04,0.1
7.124577964009246,32137.373389202774,2919.973474367627,False,70,96.0,0.15,4.0,0.1,0.06,0.2
7.124577964009246,32137.373389202774,2919.973474367627,False,70,48.0,0.15,4.0,0.1,0.06,0.2
7.124577964009246,32137.373389202774,2919.973474367627,False,70,96.0,0.15,4.0,0.1,0.06,0.3
7.124577964009246,32137.373389202774,2919.973474367627,False,70,,0.15,4.0,0.1,0.06,0.3
7.124577964009246,32137.373389202774,2919.973474367627,False,70,48.0,0.15,4.0,0.1,0.06,0.3
7.124577964009246,32137.373389202774,2919.973474367627,False,70,,0.15,4.0,0.1,0.06,0.2
7.1149026824631685,32134.47080473895,1598.339007779192,False,84,,0.15,4.0,0.06,0.04,0.1
7.1149026824631685,32134.47080473895,1598.339007779192,False,84,48.0,0.15,4.0,0.06,0.04,0.1
7.1149026824631685,32134.47080473895,1598.339007779192,False,84,96.0,0.15,4.0,0.06,0.04,0.1
7.112522505236132,32133.75675157084,11212.555819797857,False,365,48.0,0.05,2.0,0.15,0.04,0.3
7.112522505236132,32133.75675157084,11212.555819797857,False,365,96.0,0.05,2.0,0.15,0.04,0.3
7.112522505236132,32133.75675157084,11212.555819797857,False,365,,0.05,2.0,0.15,0.04,0.3
7.066792436317846,32120.037730895354,2544.8937541591695,False,78,48.0,0.15,3.0,0.1,0.06,0.2
7.066792436317846,32120.037730895354,2544.8937541591695,False,78,96.0,0.15,3.0,0.1,0.06,0.2
7.066792436317846,32120.037730895354,2544.8937541591695,False,78,96.0,0.15,3.0,0.1,0.06,0.3
7.066792436317846,32120.037730895354,2544.8937541591695,False,78,,0.15,3.0,0.1,0.06,0.2
7.066792436317846,32120.037730895354,2544.8937541591695,False,78,,0.15,3.0,0.1,0.06,0.3
7.066792436317846,32120.037730895354,2544.8937541591695,False,78,48.0,0.15,3.0,0.1,0.06,0.3
7.06003013847762,32118.009041543286,2360.3560180378963,False,72,48.0,0.15,4.0,0.15,0.06,0.1
7.06003013847762,32118.009041543286,2360.3560180378963,False,72,,0.15,4.0,0.15,0.06,0.1
7.06003013847762,32118.009041543286,2360.3560180378963,False,72,96.0,0.15,4.0,0.15,0.06,0.1
6.982653108563863,32094.79593256916,2242.1682958539686,False,233,48.0,0.1,2.0,0.06,0.04,0.2
6.982653108563863,32094.79593256916,2242.1682958539686,False,233,,0.1,2.0,0.06,0.04,0.3
6.982653108563863,32094.79593256916,2242.1682958539686,False,233,48.0,0.1,2.0,0.06,0.04,0.3
6.982653108563863,32094.79593256916,2242.1682958539686,False,233,96.0,0.1,2.0,0.06,0.04,0.3
6.982653108563863,32094.79593256916,2242.1682958539686,False,233,96.0,0.1,2.0,0.06,0.04,0.2
6.982653108563863,32094.79593256916,2242.1682958539686,False,233,,0.1,2.0,0.06,0.04,0.2
6.969595543661974,32090.878663098592,2804.715492953588,False,161,48.0,0.1,3.0,0.06,0.04,0.2
6.969595543661974,32090.878663098592,2804.715492953588,False,161,48.0,0.1,3.0,0.06,0.04,0.3
6.969595543661974,32090.878663098592,2804.715492953588,False,161,96.0,0.1,3.0,0.06,0.04,0.3
6.969595543661974,32090.878663098592,2804.715492953588,False,161,96.0,0.1,3.0,0.06,0.04,0.2
6.969595543661974,32090.878663098592,2804.715492953588,False,161,,0.1,3.0,0.06,0.04,0.3
6.969595543661974,32090.878663098592,2804.715492953588,False,161,,0.1,3.0,0.06,0.04,0.2
6.934096543345998,32080.2289630038,1417.6158603973845,False,106,96.0,0.15,2.0,0.15,0.06,0.1
6.934096543345998,32080.2289630038,1417.6158603973845,False,106,,0.15,2.0,0.15,0.06,0.1
6.934096543345998,32080.2289630038,1417.6158603973845,False,106,48.0,0.15,2.0,0.15,0.06,0.1
6.889350414712814,32066.805124413844,2673.7060805551455,False,66,48.0,0.15,4.0,0.1,0.06,0.1
6.889350414712814,32066.805124413844,2673.7060805551455,False,66,,0.15,4.0,0.1,0.06,0.1
6.889350414712814,32066.805124413844,2673.7060805551455,False,66,96.0,0.15,4.0,0.1,0.06,0.1
6.87412531441468,32062.237594324404,1977.2070105056773,False,106,,0.15,2.0,0.1,0.06,0.3
6.87412531441468,32062.237594324404,1977.2070105056773,False,106,96.0,0.15,2.0,0.1,0.06,0.3
6.87412531441468,32062.237594324404,1977.2070105056773,False,106,48.0,0.15,2.0,0.1,0.06,0.2
6.87412531441468,32062.237594324404,1977.2070105056773,False,106,,0.15,2.0,0.1,0.06,0.2
6.87412531441468,32062.237594324404,1977.2070105056773,False,106,48.0,0.15,2.0,0.1,0.06,0.3
6.87412531441468,32062.237594324404,1977.2070105056773,False,106,96.0,0.15,2.0,0.1,0.06,0.2
6.848591641237423,32054.577492371227,2095.1983528188207,False,237,48.0,0.1,2.0,0.15,0.04,0.1
6.848591641237423,32054.577492371227,2095.1983528188207,False,237,96.0,0.1,2.0,0.15,0.04,0.1
6.848591641237423,32054.577492371227,2095.1983528188207,False,237,,0.1,2.0,0.15,0.04,0.1
6.847907931367627,32054.372379410288,12613.554382052462,False,222,,0.05,4.0,0.15,0.04,0.3
6.847907931367627,32054.372379410288,12613.554382052462,False,222,96.0,0.05,4.0,0.15,0.04,0.3
6.847907931367627,32054.372379410288,12613.554382052462,False,222,48.0,0.05,4.0,0.15,0.04,0.3
6.748970882007938,32024.69126460238,2464.7001501348286,False,74,,0.15,3.0,0.06,0.06,0.1
6.748970882007938,32024.69126460238,2464.7001501348286,False,74,96.0,0.15,3.0,0.06,0.06,0.1
6.748970882007938,32024.69126460238,2464.7001501348286,False,74,48.0,0.15,3.0,0.06,0.06,0.1
6.655305015957431,31996.59150478723,2600.7047196805497,False,72,96.0,0.15,4.0,0.15,0.06,0.3
6.655305015957431,31996.59150478723,2600.7047196805497,False,72,48.0,0.15,4.0,0.15,0.06,0.2
6.655305015957431,31996.59150478723,2600.7047196805497,False,72,,0.15,4.0,0.15,0.06,0.3
6.655305015957431,31996.59150478723,2600.7047196805497,False,72,96.0,0.15,4.0,0.15,0.06,0.2
6.655305015957431,31996.59150478723,2600.7047196805497,False,72,48.0,0.15,4.0,0.15,0.06,0.3
6.655305015957431,31996.59150478723,2600.7047196805497,False,72,,0.15,4.0,0.15,0.06,0.2
6.443681667831018,31933.104500349305,1881.3715384222742,False,82,48.0,0.15,4.0,0.06,0.04,0.2
6.443681667831018,31933.104500349305,1881.3715384222742,False,82,,0.15,4.0,0.06,0.04,0.3
6.443681667831018,31933.104500349305,1881.3715384222742,False,82,96.0,0.15,4.0,0.06,0.04,0.3
6.443681667831018,31933.104500349305,1881.3715384222742,False,82,,0.15,4.0,0.06,0.04,0.2
6.443681667831018,31933.104500349305,1881.3715384222742,False,82,48.0,0.15,4.0,0.06,0.04,0.3
6.443681667831018,31933.104500349305,1881.3715384222742,False,82,96.0,0.15,4.0,0.06,0.04,0.2
6.305515471559059,31891.654641467718,2211.6689499354393,False,147,48.0,0.1,4.0,0.15,0.04,0.2
6.305515471559059,31891.654641467718,2211.6689499354393,False,147,,0.1,4.0,0.15,0.04,0.2
6.305515471559059,31891.654641467718,2211.6689499354393,False,147,96.0,0.1,4.0,0.15,0.04,0.2
6.133898719366334,31840.1696158099,2738.6132408192734,False,171,96.0,0.1,3.0,0.1,0.04,0.3
6.133898719366334,31840.1696158099,2738.6132408192734,False,171,,0.1,3.0,0.1,0.04,0.3
6.133898719366334,31840.1696158099,2738.6132408192734,False,171,,0.1,3.0,0.1,0.04,0.2
6.133898719366334,31840.1696158099,2738.6132408192734,False,171,48.0,0.1,3.0,0.1,0.04,0.2
6.133898719366334,31840.1696158099,2738.6132408192734,False,171,48.0,0.1,3.0,0.1,0.04,0.3
6.133898719366334,31840.1696158099,2738.6132408192734,False,171,96.0,0.1,3.0,0.1,0.04,0.2
6.098112817823555,31829.433845347066,2576.8419687880264,False,163,,0.1,3.0,0.1,0.04,0.1
6.098112817823555,31829.433845347066,2576.8419687880264,False,163,48.0,0.1,3.0,0.1,0.04,0.1
6.098112817823555,31829.433845347066,2576.8419687880264,False,163,96.0,0.1,3.0,0.1,0.04,0.1
6.083151583371364,31824.94547501141,1427.7709497652977,False,140,,0.15,2.0,0.06,0.04,0.1
6.083151583371364,31824.94547501141,1427.7709497652977,False,140,48.0,0.15,2.0,0.06,0.04,0.1
6.083151583371364,31824.94547501141,1427.7709497652977,False,140,96.0,0.15,2.0,0.06,0.04,0.1
5.965743793592155,31789.723138077647,12518.09633364845,False,270,96.0,0.05,3.0,0.15,0.04,0.3
5.965743793592155,31789.723138077647,12518.09633364845,False,270,48.0,0.05,3.0,0.15,0.04,0.3
5.965743793592155,31789.723138077647,12518.09633364845,False,270,,0.05,3.0,0.15,0.04,0.3
5.909380752327512,31772.814225698254,2461.2517410669516,False,237,48.0,0.1,2.0,0.1,0.04,0.3
5.909380752327512,31772.814225698254,2461.2517410669516,False,237,,0.1,2.0,0.1,0.04,0.3
5.909380752327512,31772.814225698254,2461.2517410669516,False,237,96.0,0.1,2.0,0.1,0.04,0.3
5.909380752327512,31772.814225698254,2461.2517410669516,False,237,96.0,0.1,2.0,0.1,0.04,0.2
5.909380752327512,31772.814225698254,2461.2517410669516,False,237,48.0,0.1,2.0,0.1,0.04,0.2
5.909380752327512,31772.814225698254,2461.2517410669516,False,237,,0.1,2.0,0.1,0.04,0.2
5.838900070696205,31751.67002120886,2237.7165926135503,False,183,96.0,0.1,3.0,0.15,0.04,0.2
5.838900070696205,31751.67002120886,2237.7165926135503,False,183,48.0,0.1,3.0,0.15,0.04,0.2
5.838900070696205,31751.67002120886,2237.7165926135503,False,183,,0.1,3.0,0.15,0.04,0.2
5.824058368600624,31747.217510580187,2388.636565692652,False,179,48.0,0.1,3.0,0.15,0.04,0.1
5.824058368600624,31747.217510580187,2388.636565692652,False,179,96.0,0.1,3.0,0.15,0.04,0.1
5.824058368600624,31747.217510580187,2388.636565692652,False,179,,0.1,3.0,0.15,0.04,0.1
5.769271544416357,31730.781463324907,2538.850951829544,False,243,,0.1,2.0,0.15,0.04,0.2
5.769271544416357,31730.781463324907,2538.850951829544,False,243,96.0,0.1,2.0,0.15,0.04,0.2
5.769271544416357,31730.781463324907,2538.850951829544,False,243,48.0,0.1,2.0,0.15,0.04,0.2
5.600839469399725,31680.251840819918,2367.995250511038,False,143,96.0,0.1,4.0,0.15,0.04,0.1
5.600839469399725,31680.251840819918,2367.995250511038,False,143,,0.1,4.0,0.15,0.04,0.1
5.600839469399725,31680.251840819918,2367.995250511038,False,143,48.0,0.1,4.0,0.15,0.04,0.1
5.596023939407678,31678.807181822303,2538.6012668945014,False,245,48.0,0.1,2.0,0.15,0.04,0.3
5.596023939407678,31678.807181822303,2538.6012668945014,False,245,,0.1,2.0,0.15,0.04,0.3
5.596023939407678,31678.807181822303,2538.6012668945014,False,245,96.0,0.1,2.0,0.15,0.04,0.3
5.52753536397584,31658.260609192752,2527.6659219370003,False,147,48.0,0.1,4.0,0.15,0.04,0.3
5.52753536397584,31658.260609192752,2527.6659219370003,False,147,96.0,0.1,4.0,0.15,0.04,0.3
5.52753536397584,31658.260609192752,2527.6659219370003,False,147,,0.1,4.0,0.15,0.04,0.3
5.4627402199555215,31638.822065986657,2002.1891363220875,False,92,96.0,0.15,3.0,0.06,0.04,0.1
5.4627402199555215,31638.822065986657,2002.1891363220875,False,92,,0.15,3.0,0.06,0.04,0.1
5.4627402199555215,31638.822065986657,2002.1891363220875,False,92,48.0,0.15,3.0,0.06,0.04,0.1
5.432915259095535,31629.87457772866,1980.6653837108452,False,80,48.0,0.15,3.0,0.15,0.06,0.1
5.432915259095535,31629.87457772866,1980.6653837108452,False,80,,0.15,3.0,0.15,0.06,0.1
5.432915259095535,31629.87457772866,1980.6653837108452,False,80,96.0,0.15,3.0,0.15,0.06,0.1
5.397348660211295,31619.20459806339,1752.8969702401891,False,138,48.0,0.15,2.0,0.06,0.04,0.3
5.397348660211295,31619.20459806339,1752.8969702401891,False,138,96.0,0.15,2.0,0.06,0.04,0.2
5.397348660211295,31619.20459806339,1752.8969702401891,False,138,96.0,0.15,2.0,0.06,0.04,0.3
5.397348660211295,31619.20459806339,1752.8969702401891,False,138,,0.15,2.0,0.06,0.04,0.3
5.397348660211295,31619.20459806339,1752.8969702401891,False,138,,0.15,2.0,0.06,0.04,0.2
5.397348660211295,31619.20459806339,1752.8969702401891,False,138,48.0,0.15,2.0,0.06,0.04,0.2
5.36779419949442,31610.338259848326,2061.556059246549,False,108,96.0,0.15,2.0,0.15,0.06,0.2
5.36779419949442,31610.338259848326,2061.556059246549,False,108,,0.15,2.0,0.15,0.06,0.2
5.36779419949442,31610.338259848326,2061.556059246549,False,108,96.0,0.15,2.0,0.15,0.06,0.3
5.36779419949442,31610.338259848326,2061.556059246549,False,108,48.0,0.15,2.0,0.15,0.06,0.2
5.36779419949442,31610.338259848326,2061.556059246549,False,108,,0.15,2.0,0.15,0.06,0.3
5.36779419949442,31610.338259848326,2061.556059246549,False,108,48.0,0.15,2.0,0.15,0.06,0.3
5.146594664476458,31543.978399342937,2638.9914385797265,False,133,,0.1,4.0,0.1,0.04,0.3
5.146594664476458,31543.978399342937,2638.9914385797265,False,133,48.0,0.1,4.0,0.1,0.04,0.3
5.146594664476458,31543.978399342937,2638.9914385797265,False,133,48.0,0.1,4.0,0.1,0.04,0.2
5.146594664476458,31543.978399342937,2638.9914385797265,False,133,96.0,0.1,4.0,0.1,0.04,0.3
5.146594664476458,31543.978399342937,2638.9914385797265,False,133,,0.1,4.0,0.1,0.04,0.2
5.146594664476458,31543.978399342937,2638.9914385797265,False,133,96.0,0.1,4.0,0.1,0.04,0.2
5.130942919562901,31539.28287586887,1338.3642519757004,False,140,96.0,0.15,2.0,0.15,0.04,0.1
5.130942919562901,31539.28287586887,1338.3642519757004,False,140,,0.15,2.0,0.15,0.04,0.1
5.130942919562901,31539.28287586887,1338.3642519757004,False,140,48.0,0.15,2.0,0.15,0.04,0.1
5.02917959852349,31508.753879557047,2553.0767911021608,False,183,96.0,0.1,3.0,0.15,0.04,0.3
5.02917959852349,31508.753879557047,2553.0767911021608,False,183,48.0,0.1,3.0,0.15,0.04,0.3
5.02917959852349,31508.753879557047,2553.0767911021608,False,183,,0.1,3.0,0.15,0.04,0.3
4.961269103509403,31488.38073105282,1516.8382014853596,False,140,96.0,0.15,2.0,0.1,0.04,0.1
4.961269103509403,31488.38073105282,1516.8382014853596,False,140,,0.15,2.0,0.1,0.04,0.1
4.961269103509403,31488.38073105282,1516.8382014853596,False,140,48.0,0.15,2.0,0.1,0.04,0.1
4.960997442067104,31488.29923262013,2247.699204400901,False,80,96.0,0.15,3.0,0.15,0.06,0.2
4.960997442067104,31488.29923262013,2247.699204400901,False,80,,0.15,3.0,0.15,0.06,0.3
4.960997442067104,31488.29923262013,2247.699204400901,False,80,48.0,0.15,3.0,0.15,0.06,0.2
4.960997442067104,31488.29923262013,2247.699204400901,False,80,,0.15,3.0,0.15,0.06,0.2
4.960997442067104,31488.29923262013,2247.699204400901,False,80,48.0,0.15,3.0,0.15,0.06,0.3
4.960997442067104,31488.29923262013,2247.699204400901,False,80,96.0,0.15,3.0,0.15,0.06,0.3
4.953201804099057,31485.960541229717,2594.229912444767,False,125,,0.1,4.0,0.1,0.04,0.1
4.953201804099057,31485.960541229717,2594.229912444767,False,125,48.0,0.1,4.0,0.1,0.04,0.1
4.953201804099057,31485.960541229717,2594.229912444767,False,125,96.0,0.1,4.0,0.1,0.04,0.1
4.831475219926008,31449.442565977803,2286.961539056134,False,80,,0.15,4.0,0.1,0.04,0.1
4.831475219926008,31449.442565977803,2286.961539056134,False,80,96.0,0.15,4.0,0.1,0.04,0.1
4.831475219926008,31449.442565977803,2286.961539056134,False,80,48.0,0.15,4.0,0.1,0.04,0.1
4.793620437476347,31438.086131242904,2284.113632868807,False,90,48.0,0.15,3.0,0.06,0.04,0.2
4.793620437476347,31438.086131242904,2284.113632868807,False,90,,0.15,3.0,0.06,0.04,0.2
4.793620437476347,31438.086131242904,2284.113632868807,False,90,48.0,0.15,3.0,0.06,0.04,0.3
4.793620437476347,31438.086131242904,2284.113632868807,False,90,,0.15,3.0,0.06,0.04,0.3
4.793620437476347,31438.086131242904,2284.113632868807,False,90,96.0,0.15,3.0,0.06,0.04,0.2
4.793620437476347,31438.086131242904,2284.113632868807,False,90,96.0,0.15,3.0,0.06,0.04,0.3
4.410445911513464,31323.13377345404,2468.7534515523294,False,96,96.0,0.15,3.0,0.1,0.04,0.3
4.410445911513464,31323.13377345404,2468.7534515523294,False,96,,0.15,3.0,0.1,0.04,0.2
4.410445911513464,31323.13377345404,2468.7534515523294,False,96,96.0,0.15,3.0,0.1,0.04,0.2
4.410445911513464,31323.13377345404,2468.7534515523294,False,96,,0.15,3.0,0.1,0.04,0.3
4.410445911513464,31323.13377345404,2468.7534515523294,False,96,48.0,0.15,3.0,0.1,0.04,0.3
4.410445911513464,31323.13377345404,2468.7534515523294,False,96,48.0,0.15,3.0,0.1,0.04,0.2
4.352916781420827,31305.875034426248,1949.1479838955938,False,84,96.0,0.15,4.0,0.15,0.04,0.1
4.352916781420827,31305.875034426248,1949.1479838955938,False,84,48.0,0.15,4.0,0.15,0.04,0.1
4.352916781420827,31305.875034426248,1949.1479838955938,False,84,,0.15,4.0,0.15,0.04,0.1
4.327153617753041,31298.146085325912,2361.80722082007,False,80,48.0,0.15,4.0,0.1,0.04,0.2
4.327153617753041,31298.146085325912,2361.80722082007,False,80,,0.15,4.0,0.1,0.04,0.3
4.327153617753041,31298.146085325912,2361.80722082007,False,80,96.0,0.15,4.0,0.1,0.04,0.3
4.327153617753041,31298.146085325912,2361.80722082007,False,80,48.0,0.15,4.0,0.1,0.04,0.3
4.327153617753041,31298.146085325912,2361.80722082007,False,80,96.0,0.15,4.0,0.1,0.04,0.2
4.327153617753041,31298.146085325912,2361.80722082007,False,80,,0.15,4.0,0.1,0.04,0.2
4.00283715179646,31200.851145538938,1853.3912623673195,False,142,,0.15,2.0,0.15,0.04,0.3
4.00283715179646,31200.851145538938,1853.3912623673195,False,142,,0.15,2.0,0.15,0.04,0.2
4.00283715179646,31200.851145538938,1853.3912623673195,False,142,48.0,0.15,2.0,0.15,0.04,0.2
4.00283715179646,31200.851145538938,1853.3912623673195,False,142,96.0,0.15,2.0,0.15,0.04,0.2
4.00283715179646,31200.851145538938,1853.3912623673195,False,142,48.0,0.15,2.0,0.15,0.04,0.3
4.00283715179646,31200.851145538938,1853.3912623673195,False,142,96.0,0.15,2.0,0.15,0.04,0.3
3.952124981847495,31185.63749455425,2239.157222476494,False,96,,0.15,3.0,0.1,0.04,0.1
3.952124981847495,31185.63749455425,2239.157222476494,False,96,48.0,0.15,3.0,0.1,0.04,0.1
3.952124981847495,31185.63749455425,2239.157222476494,False,96,96.0,0.15,3.0,0.1,0.04,0.1
3.873657187561609,31162.097156268483,2217.698242929626,False,84,48.0,0.15,4.0,0.15,0.04,0.3
3.873657187561609,31162.097156268483,2217.698242929626,False,84,96.0,0.15,4.0,0.15,0.04,0.3
3.873657187561609,31162.097156268483,2217.698242929626,False,84,,0.15,4.0,0.15,0.04,0.3
3.873657187561609,31162.097156268483,2217.698242929626,False,84,96.0,0.15,4.0,0.15,0.04,0.2
3.873657187561609,31162.097156268483,2217.698242929626,False,84,,0.15,4.0,0.15,0.04,0.2
3.873657187561609,31162.097156268483,2217.698242929626,False,84,48.0,0.15,4.0,0.15,0.04,0.2
3.7509918042125237,31125.297541263757,1992.308266298537,False,140,96.0,0.15,2.0,0.1,0.04,0.3
3.7509918042125237,31125.297541263757,1992.308266298537,False,140,,0.15,2.0,0.1,0.04,0.3
3.7509918042125237,31125.297541263757,1992.308266298537,False,140,48.0,0.15,2.0,0.1,0.04,0.2
3.7509918042125237,31125.297541263757,1992.308266298537,False,140,,0.15,2.0,0.1,0.04,0.2
3.7509918042125237,31125.297541263757,1992.308266298537,False,140,96.0,0.15,2.0,0.1,0.04,0.2
3.7509918042125237,31125.297541263757,1992.308266298537,False,140,48.0,0.15,2.0,0.1,0.04,0.3
3.5402049255917523,31062.061477677526,2019.642252417876,False,98,96.0,0.15,3.0,0.15,0.04,0.1
3.5402049255917523,31062.061477677526,2019.642252417876,False,98,48.0,0.15,3.0,0.15,0.04,0.1
3.5402049255917523,31062.061477677526,2019.642252417876,False,98,,0.15,3.0,0.15,0.04,0.1
3.0133271389110208,30903.998141673306,2290.202728951983,False,98,96.0,0.15,3.0,0.15,0.04,0.3
3.0133271389110208,30903.998141673306,2290.202728951983,False,98,,0.15,3.0,0.15,0.04,0.3
3.0133271389110208,30903.998141673306,2290.202728951983,False,98,,0.15,3.0,0.15,0.04,0.2
3.0133271389110208,30903.998141673306,2290.202728951983,False,98,48.0,0.15,3.0,0.15,0.04,0.3
3.0133271389110208,30903.998141673306,2290.202728951983,False,98,48.0,0.15,3.0,0.15,0.04,0.2
3.0133271389110208,30903.998141673306,2290.202728951983,False,98,96.0,0.15,3.0,0.15,0.04,0.2
